<?xml version="1.0" encoding="UTF-8"?>
<window id="1134" type="dialog">
	<visible>[VideoPlayer.IsFullscreen + Player.Paused + System.IdleTime(7.5) + !Skin.HasSetting(Disable.Netflix.Pause) + !System.HasModalDialog]</visible>
	<visible>VideoPlayer.Content(movies) | VideoPlayer.Content(episodes)</visible>
	<controls>
		<control type="image">
			<include>FullscreenDimensions</include>
			<colordiffuse>8CFFFFFF</colordiffuse>
			<texture border="1">black.png</texture>
			<animation effect="fade" time="320">WindowOpen</animation>
			<animation effect="fade" time="200">WindowClose</animation>
		</control>
		<control type="group">
			<animation type="WindowOpen" reversible="false">
				<effect type="zoom" start="150" end="100" center="400,540" time="400" tween="cubic" easing="out" />
				<effect type="fade" end="100" time="150" />
			</animation>
			<animation effect="fade" end="0">WindowClose</animation>
			<control type="image">
				<left>1470</left>
				<top>773</top>
				<width>450</width>
				<height>260</height>
				<aspectratio aligny="bottom" align="center">keep</aspectratio>
				<texture background="true">$VAR[PlayerArtworkVar]</texture>
			</control>
			<control type="image">
				<left>1636</left>
				<top>628</top>
				<width>284</width>
				<height>425</height>
				<aspectratio aligny="bottom" align="center">stretch</aspectratio>
				<texture background="true">$VAR[PlayerPosterArtworkVar]</texture>
				<bordertexture border="20">thumbs/thumb_shadow_aa.png</bordertexture>
				<bordersize>20</bordersize>
			</control>
			<control type="grouplist">
				<left>100</left>
				<top>170</top>
				<width>1720</width>
				<height>860</height>
				<usecontrolcoords>true</usecontrolcoords>
				<control type="label">
					<width>1720</width>
					<height>60</height>
					<font>font48_title</font>
					<textoffsetx>15</textoffsetx>
					<textcolor>$VAR[ThemeLabelColor]</textcolor>
					<label>$LOCALIZE[112]...</label>
				</control>
				<control type="textbox">
					<left>15</left>
					<width>1720</width>
					<height min="125" max="250">auto</height>
					<font>font100caps_title</font>
					<textcolor>grey</textcolor>
					<label>$INFO[Player.Title]</label>
					<visible>VideoPlayer.Content(movies)</visible>
				</control>
				<control type="textbox">
					<left>15</left>
					<width>1720</width>
					<height min="125" max="250">auto</height>
					<font>font100caps_title</font>
					<textcolor>grey</textcolor>
					<label>$INFO[VideoPlayer.TvShowTitle]</label>
					<visible>VideoPlayer.Content(episodes)</visible>
				</control>
				<control type="label">
					<width>1720</width>
					<height>60</height>
					<font>font15</font>
					<textoffsetx>15</textoffsetx>
					<textcolor>grey</textcolor>
					<label>[B]$INFO[VideoPlayer.Season,$LOCALIZE[20373] ,: ]$INFO[VideoPlayer.Episode,$LOCALIZE[20359] ]$INFO[VideoPlayer.Title,  -  ][/B]</label>
					<visible>VideoPlayer.Content(episodes)</visible>
				</control>
				<control type="group">
					<height>60</height>
					<control type="image">
						<left>10</left>
						<top>-4</top>
						<width>180</width>
						<height>70</height>
						<aspectratio>keep</aspectratio>
						<colordiffuse>$VAR[ThemeLabelColor]</colordiffuse>
						<texture fallback="flags/rating/0.0.png">$INFO[VideoPlayer.Rating,flags/rating/,.png]</texture>
						<visible>String.IsEmpty(VideoPlayer.UserRating)</visible>
					</control>
					<control type="image">
						<left>10</left>
						<top>-4</top>
						<width>180</width>
						<height>70</height>
						<aspectratio>keep</aspectratio>
						<colordiffuse>$VAR[ThemeLabelColor]</colordiffuse>
						<texture>$INFO[VideoPlayer.UserRating,flags/rating/,.png]</texture>
						<visible>!String.IsEmpty(VideoPlayer.UserRating)</visible>
					</control>
					<control type="image">
						<left>205</left>
						<top>13</top>
						<width>75</width>
						<height>38</height>
						<texture colordiffuse="grey">IMDb_bw.png</texture>
						<visible>!String.IsEmpty(VideoPlayer.Top250)</visible>
					</control>
					<control type="label">
						<left>285</left>
						<width>1720</width>
						<height>60</height>
						<font>font15</font>
						<textoffsetx>15</textoffsetx>
						<textcolor>grey</textcolor>
						<label>$INFO[VideoPlayer.Top250,$LOCALIZE[13409]  #]</label>
						<visible>!String.IsEmpty(VideoPlayer.Top250)</visible>
					</control>
				</control>
				<control type="label">
					<width>1720</width>
					<height>60</height>
					<font>font15</font>
					<textoffsetx>15</textoffsetx>
					<textcolor>grey</textcolor>
					<label>$INFO[VideoPlayer.Director,$LOCALIZE[31000]: ,]</label>
					<visible>!String.IsEmpty(VideoPlayer.Director)</visible>
				</control>
				<control type="label">
					<width>1720</width>
					<height>60</height>
					<font>font15</font>
					<textoffsetx>15</textoffsetx>
					<textcolor>grey</textcolor>
					<label>$INFO[VideoPlayer.Year]$INFO[VideoPlayer.MPAA,  •  ]  •  $VAR[PlayerDurationVar]</label>
				</control>
				<control type="label">
					<width>1720</width>
					<height>60</height>
					<font>font15</font>
					<textoffsetx>15</textoffsetx>
					<textcolor>grey</textcolor>
					<label>$INFO[Player.FinishTime,$LOCALIZE[31393]: ,]  •  $VAR[PlayerTimeRemainingHourVar,, ]$VAR[PlayerTimeRemainingMinuteVar]</label>
				</control>
				<control type="textbox">
					<left>15</left>
					<top>10</top>
					<width>900</width>
					<height>290</height>
					<font>font15_textbox</font>
					<textcolor>grey</textcolor>
					<label>$INFO[VideoPlayer.PlotOutline]</label>
					<autoscroll time="3000" delay="4000" repeat="5000">true</autoscroll>
					<visible>!VideoPlayer.Content(episodes)</visible>
					<visible>!String.IsEmpty(VideoPlayer.PlotOutline) + !String.IsEqual(VideoPlayer.PlotOutline,N/A)</visible>
				</control>
				<control type="textbox">
					<left>15</left>
					<top>10</top>
					<width>1200</width>
					<height>290</height>
					<font>font15_textbox</font>
					<textcolor>grey</textcolor>
					<label>$INFO[VideoPlayer.Plot]</label>
					<autoscroll time="3000" delay="4000" repeat="5000">true</autoscroll>
					<visible>String.IsEmpty(VideoPlayer.PlotOutline) | String.IsEqual(VideoPlayer.PlotOutline,N/A)</visible>
				</control>
			</control>
		</control>
	</controls>
</window>