<?xml version="1.0" encoding="utf-8"?>
<window>
	<onload>SetFocus(64)</onload>
	<onload>SetProperty(FullscreenInfoIsActive,fullscreeninfo)</onload>
	<onunload>ClearProperty(FullscreenInfoIsActive,fullscreeninfo)</onunload>
	<onunload>ClearProperty(ShowCast,fullscreeninfo)</onunload>
	<onunload>ClearProperty(LiveTVNext,fullscreeninfo)</onunload>
	<onunload>Dialog.Close(all,true)</onunload>
	<controls>
		<control type="button" id="64">
			<include>HiddenObject</include>
			<!-- <onleft condition="!VideoPlayer.Content(livetv)">65</onleft> -->
			<!-- <onright condition="!VideoPlayer.Content(livetv)">63</onright> -->
			<!-- <onup condition="!VideoPlayer.Content(livetv)"></onup> -->
			<!-- <ondown condition="!VideoPlayer.Content(livetv)"></ondown> -->
			<onclick condition="!VideoPlayer.Content(livetv) + String.IsEmpty(Window(fullscreeninfo).Property(ShowCast))">SetProperty(ShowCast,True,fullscreeninfo)</onclick>
			<onclick condition="!VideoPlayer.Content(livetv) + !String.IsEmpty(Window(fullscreeninfo).Property(ShowCast))">ClearProperty(ShowCast,fullscreeninfo)</onclick>
			<onup condition="VideoPlayer.Content(livetv) + String.IsEmpty(Window(fullscreeninfo).Property(LiveTVFullPlot))">SetProperty(LiveTVFullPlot,True,fullscreeninfo)</onup>
			<onup condition="VideoPlayer.Content(livetv) + !String.IsEmpty(Window(fullscreeninfo).Property(LiveTVFullPlot))">ClearProperty(LiveTVFullPlot,fullscreeninfo)</onup>
			<onclick condition="VideoPlayer.Content(livetv)">Skin.ToggleSetting(TogglePlotLiveTV)</onclick>
			<onclick condition="VideoPlayer.Content(livetv) + !String.IsEmpty(Window(fullscreeninfo).Property(LiveTVNext))">ClearProperty(LiveTVNext,fullscreeninfo)</onclick>
			<onright condition="VideoPlayer.Content(livetv) + String.IsEmpty(Window(fullscreeninfo).Property(LiveTVNext))">SetProperty(LiveTVNext,True,fullscreeninfo)</onright>
			<onright condition="VideoPlayer.Content(livetv) + !String.IsEmpty(Window(fullscreeninfo).Property(LiveTVNext))">ClearProperty(LiveTVNext,fullscreeninfo)</onright>
			<onleft condition="VideoPlayer.Content(livetv) + String.IsEmpty(Window(fullscreeninfo).Property(LiveTVNext))">SetProperty(LiveTVNext,True,fullscreeninfo)</onleft>
			<onleft condition="VideoPlayer.Content(livetv) + !String.IsEmpty(Window(fullscreeninfo).Property(LiveTVNext))">ClearProperty(LiveTVNext,fullscreeninfo)</onleft>
		</control>
		<control type="group">
			<visible>!VideoPlayer.Content(LiveTV)</visible>
			<control type="group">
				<animation effect="slide" start="0,-238" end="0,0" time="240" tween="quadratic">WindowOpen</animation>
				<animation effect="slide" end="0,-238" start="0,0" time="240" tween="quadratic">WindowClose</animation>
				<!-- Media Flag Bar Background -->
				<control type="image">
					<top>-240</top>
					<width>1920</width>
					<height>360</height>
					<texture colordiffuse="B3FFFFFF" border="1,1,1,40">topbar.png</texture>
				</control>
				<!-- Media Flags -->
				<control type="grouplist">
					<width>1920</width>
					<height>100</height>
					<align>center</align>
					<orientation>horizontal</orientation>
					<usecontrolcoords>true</usecontrolcoords>
					<control type="image" id="142099">
						<width>274</width>
						<include>MediaFlagValues</include>
						<bordersize>2</bordersize>
						<texture background="true">$VAR[PathFlagsStudios]$INFO[VideoPlayer.Studio,,.png]</texture>
						<visible>!String.IsEmpty(VideoPlayer.Studio) + !String.IsEmpty(Control.GetLabel(142099))</visible>
					</control>
					<control type="label">
						<width>274</width>
						<height>90</height>
						<align>center</align>
						<label>$INFO[VideoPlayer.Studio]</label>
						<font>font10</font>
						<textcolor>grey2</textcolor>
						<wrapmultiline>true</wrapmultiline>
						<visible>String.IsEmpty(Control.GetLabel(142099)) + !String.IsEmpty(VideoPlayer.Studio)</visible>
					</control>
					<control type="image">
						<width>274</width>
						<include>MediaFlagValues</include>
						<texture>$VAR[MediaFlagsPathVar]/mpaa/$VAR[VideoRatingFlagVar]</texture>
						<visible>!String.IsEmpty(VideoPlayer.MPAA)</visible>
					</control>
					<control type="image">
						<width>274</width>
						<include>MediaFlagValues</include>
						<texture>$VAR[MediaFlagsPathVar]/videocodec/$VAR[VideoSourceFlagVar]</texture>
					</control>
					<control type="image">
						<width>274</width>
						<include>MediaFlagValues</include>
						<texture>$VAR[MediaFlagsPathVar]/resolution/$INFO[VideoPlayer.VideoResolution,,.png]</texture>
					</control>
					<control type="image">
						<width>274</width>
						<include>MediaFlagValues</include>
						<texture>$VAR[MediaFlagsPathVar]/aspectratio/$INFO[VideoPlayer.VideoAspect,,.png]</texture>
					</control>
					<control type="image">
						<width>274</width>
						<include>MediaFlagValues</include>
						<texture>$VAR[MediaFlagsPathVar]/audiocodec/$INFO[VideoPlayer.AudioCodec,,.png]</texture>
					</control>
					<control type="image">
						<width>274</width>
						<include>MediaFlagValues</include>
						<texture>$VAR[MediaFlagsPathVar]/audiochannels/$INFO[VideoPlayer.AudioChannels,,.png]</texture>
					</control>
				</control>
			</control>
			<control type="group">
				<animation effect="slide" end="0,-95" time="240" tween="quadratic" condition="Window.IsActive(videoosd)">Conditional</animation>
				<control type="image">
					<left>-50</left>
					<top>599</top>
					<width>2020</width>
					<height>467</height>
					<texture colordiffuse="B3FFFFFF" border="40">listpanel_back.png</texture>
					<visible>VideoPlayer.Content(movies) | VideoPlayer.Content(episodes)</visible>
				</control>
				<control type="group">
					<top>600</top>
					<left>15</left>
					<control type="group">
						<animation effect="slide" start="-500,0" end="0,0" time="500" tween="quadratic">WindowOpen</animation>
						<animation effect="slide" end="-500,0" time="240" tween="quadratic">WindowClose</animation>
						<control type="image">
							<top>30</top>
							<width>270</width>
							<height>405</height>
							<aspectratio aligny="top">stretch</aspectratio>
							<texture background="true" diffuse="thumbs/movieposter_mask.png">$VAR[PlayerPosterVar]</texture>
							<visible>!VideoPlayer.Content(musicvideos)</visible>
						</control>
						<control type="image">
							<top>30</top>
							<width>400</width>
							<height>400</height>
							<aspectratio aligny="top">stretch</aspectratio>
							<texture background="true" diffuse="thumbs/movieposter_mask.png">$VAR[PlayerPosterVar]</texture>
							<visible>VideoPlayer.Content(musicvideos)</visible>
						</control>
					</control>
					<control type="group">
						<visible>VideoPlayer.Content(movies) | VideoPlayer.Content(episodes)</visible>
						<animation effect="slide" start="1655,0" end="0,0" time="500" tween="quadratic">WindowOpen</animation>
						<animation effect="slide" end="1655,0" time="240" tween="quadratic">WindowClose</animation>
						<left>250</left>
						<top>-5</top>
						<control type="image">
							<left>1205</left>
							<top>170</top>
							<width>450</width>
							<height>260</height>
							<aspectratio aligny="bottom" align="right">keep</aspectratio>
							<texture background="true">$VAR[PlayerArtworkVar]</texture>
						</control>
						<control type="group">
							<left>40</left>
							<top>50</top>
							<width>1120</width>
							<height>400</height>
							<control type="grouplist">
								<top>-20</top>
								<width>1120</width>
								<height>400</height>
								<usecontrolcoords>true</usecontrolcoords>
								<control type="label">
									<width>1120</width>
									<height>60</height>
									<font>font30_title_bold</font>
									<textcolor>grey</textcolor>
									<scroll>true</scroll>
									<label>$INFO[Player.Title]</label>
									<visible>!VideoPlayer.Content(episodes)</visible>
								</control>
								<control type="label">
									<width>1120</width>
									<height>60</height>
									<font>font30_title_bold</font>
									<textcolor>grey</textcolor>
									<scroll>true</scroll>
									<label>$INFO[VideoPlayer.TvShowTitle]</label>
									<visible>VideoPlayer.Content(episodes)</visible>
								</control>
								<control type="label">
									<width>1120</width>
									<height>35</height>
									<font>font15</font>
									<textcolor>$VAR[ThemeLabelColor]</textcolor>
									<label>$LOCALIZE[206]</label>
									<visible>!String.IsEmpty(Window(fullscreeninfo).Property(ShowCast))</visible>
								</control>
								<control type="label">
									<width>1120</width>
									<height>35</height>
									<font>font15</font>
									<textcolor>$VAR[ThemeLabelColor]</textcolor>
									<scroll>true</scroll>
									<label>$INFO[VideoPlayer.Tagline]</label>
									<visible>!String.IsEmpty(VideoPlayer.Tagline) + String.IsEmpty(Window(fullscreeninfo).Property(ShowCast))</visible>
								</control>
								<control type="label">
									<width>1120</width>
									<height>35</height>
									<font>font15</font>
									<textcolor>$VAR[ThemeLabelColor]</textcolor>
									<label>$INFO[VideoPlayer.Season,$LOCALIZE[20373] ,: ]$INFO[VideoPlayer.Episode,$LOCALIZE[20359] ]$INFO[VideoPlayer.Title,  -  ]</label>
									<visible>VideoPlayer.Content(episodes) + String.IsEmpty(Window(fullscreeninfo).Property(ShowCast))</visible>
								</control>
								<control type="grouplist">
									<width>1135</width>
									<height>70</height>
									<orientation>horizontal</orientation>
									<itemgap>10</itemgap>
									<usecontrolcoords>true</usecontrolcoords>
									<visible>String.IsEmpty(Window(fullscreeninfo).Property(ShowCast))</visible>
									<control type="button">
										<left>-15</left>
										<top>10</top>
										<width>auto</width>
										<height>60</height>
										<font>font15</font>
										<textcolor>grey</textcolor>
										<texturenofocus />
										<label>$INFO[Player.FinishTime,$LOCALIZE[31393]: ,]  •  $VAR[PlayerTimeRemainingHourVar,, ]$VAR[PlayerTimeRemainingMinuteVar]</label>
										<onclick>noop</onclick>
									</control>
									<control type="group">
										<visible>!String.IsEmpty(VideoPlayer.Top250)</visible>
										<width>165</width>
										<height>70</height>
										<control type="image">
											<top>25</top>
											<width>75</width>
											<height>35</height>
											<texture>logos/imdb.png</texture>
											<colordiffuse>grey</colordiffuse>
										</control>
										<control type="label">
											<left>85</left>
											<top>25</top>
											<height>30</height>
											<label>$INFO[VideoPlayer.Top250,#]</label>
											<font>font16</font>
											<textcolor>grey</textcolor>
										</control>
									</control>
									<control type="group">
										<visible>!String.IsEmpty(Window(Home).Property(SkinHelper.Player.RottenTomatoes.Rating.Percent))</visible>
										<width>150</width>
										<height>70</height>
										<control type="image">
											<top>14</top>
											<width>55</width>
											<height>55</height>
											<texture>$INFO[Window(Home).Property(SkinHelper.Player.RottenTomatoes.Image),logos/rottentomatoes/,.png]</texture>
											<colordiffuse>grey</colordiffuse>
										</control>
										<control type="label">
											<left>60</left>
											<top>25</top>
											<height>30</height>
											<width>110</width>
											<label>$INFO[Window(Home).Property(SkinHelper.Player.RottenTomatoes.Rating.Percent),,%]</label>
											<font>font16</font>
											<textcolor>grey</textcolor>
										</control>
									</control>
									<control type="group">
										<visible>!String.IsEmpty(Window(Home).Property(SkinHelper.Player.MetaCritic.Rating))</visible>
										<width>160</width>
										<height>70</height>
										<control type="image">
											<top>14</top>
											<width>50</width>
											<height>50</height>
											<texture>logos/metacritic.png</texture>
											<colordiffuse>grey</colordiffuse>
										</control>
										<control type="label">
											<left>60</left>
											<top>25</top>
											<height>30</height>
											<label>$INFO[Window(Home).Property(SkinHelper.Player.MetaCritic.Rating),,%]</label>
											<font>font16</font>
											<textcolor>grey</textcolor>
										</control>
									</control>
								</control>
								<control type="label">
									<width>1120</width>
									<height>60</height>
									<font>font15</font>
									<textcolor>$VAR[ThemeLabelColor]</textcolor>
									<label>$INFO[VideoPlayer.Director,$LOCALIZE[31000]:[COLOR grey] ,[/COLOR]]$INFO[VideoPlayer.Writer, [COLOR grey] • [/COLOR] $LOCALIZE[31001]:[COLOR grey] ,[/COLOR]]</label>
									<visible>!String.IsEmpty(VideoPlayer.Director) + String.IsEmpty(Window(fullscreeninfo).Property(ShowCast))</visible>
								</control>
								<control type="textbox" id="400">
									<description>Plot</description>
									<width>1120</width>
									<height>215</height>
									<font>font15_textbox2</font>
									<label>$VAR[VideoPlayerPlotVar]</label>
									<textcolor>grey</textcolor>
									<pagecontrol />
									<align>justify</align>
									<autoscroll time="3000" delay="4000" repeat="5000">true</autoscroll>
									<visible>String.IsEmpty(Window(fullscreeninfo).Property(ShowCast))</visible>
								</control>
								<control type="textbox" id="401">
									<description>Plot</description>
									<top>10</top>
									<width>1120</width>
									<height>280</height>
									<font>font15_textbox2</font>
									<label>$INFO[VideoPlayer.CastAndRole]</label>
									<textcolor>grey</textcolor>
									<pagecontrol />
									<autoscroll time="3000" delay="4000" repeat="5000">true</autoscroll>
									<visible>!String.IsEmpty(Window(fullscreeninfo).Property(ShowCast))</visible>
								</control>
							</control>
							<control type="label">
								<left>1270</left>
								<top>-36</top>
								<width>300</width>
								<height>90</height>
								<align>right</align>
								<label>$INFO[VideoPlayer.Year,(,)]</label>
								<font>font30_title</font>
								<textcolor>grey</textcolor>
								<visible>!VideoPlayer.Content(episodes)</visible>
							</control>
							<control type="label">
								<left>1310</left>
								<top>-36</top>
								<width>300</width>
								<height>90</height>
								<align>right</align>
								<label>$INFO[VideoPlayer.Premiered,(,)]</label>
								<font>font30_title</font>
								<textcolor>grey</textcolor>
								<visible>VideoPlayer.Content(episodes)</visible>
							</control>
							<control type="group">
								<left>1420</left>
								<top>25</top>
								<width>180</width>
								<height>70</height>
								<animation effect="slide" end="-18" condition="VideoPlayer.Content(episodes)">Conditional</animation>
								<control type="image">
									<aspectratio>keep</aspectratio>
									<align>right</align>
									<colordiffuse>$VAR[ThemeLabelColor]</colordiffuse>
									<texture fallback="flags/rating/0.0.png">$INFO[VideoPlayer.Rating,flags/rating/,.png]</texture>
									<visible>String.IsEmpty(VideoPlayer.UserRating)</visible>
								</control>
								<control type="image">
									<aspectratio>keep</aspectratio>
									<align>right</align>
									<colordiffuse>$VAR[ThemeLabelColor]</colordiffuse>
									<texture>$INFO[VideoPlayer.UserRating,flags/rating/,.png]</texture>
									<visible>!String.IsEmpty(VideoPlayer.UserRating)</visible>
								</control>
							</control>
						</control>
					</control>
				</control>
			</control>
		</control>
		<!-- LiveTV Plot-->
		<control type="group" id="9006">
			<top>5</top>
			<animation effect="fade" start="0" end="100" time="400">WindowOpen</animation>
			<animation effect="fade" start="100" end="0" time="400">WindowClose</animation>
			<visible>VideoPlayer.Content(LiveTV) + Skin.HasSetting(TogglePlotLiveTV)</visible>
			<!-- PlotOutLine BG -->
			<control type="image">
				<left>17</left>
				<width>1885</width>
				<height>300</height>
				<texture border="40">dialogs/default/bg.png</texture>
				<animation effect="fade" end="85" condition="true">Conditional</animation>
				<visible>!String.IsEmpty(VideoPlayer.PlotOutline) + !String.IsEqual(VideoPlayer.PlotOutline,N/A) + !String.IsEmpty(Window(fullscreeninfo).Property(LiveTVFullPlot))</visible>
			</control>
			<!-- FullPlot BG -->
			<control type="image">
				<left>17</left>
				<width>1885</width>
				<height>720</height>
				<texture border="40">dialogs/default/bg.png</texture>
				<animation effect="fade" end="85" condition="true">Conditional</animation>
				<visible>[IsEmpty(VideoPlayer.PlotOutline) | String.IsEqual(VideoPlayer.PlotOutline,N/A)] | String.IsEmpty(Window(fullscreeninfo).Property(LiveTVFullPlot))</visible>
			</control>
			<control type="grouplist">
				<top>50</top>
				<left>57</left>
				<height>650</height>
				<width>1805</width>
				<itemgap>10</itemgap>
				<orientation>vertical</orientation>
				<control type="label">
					<height>30</height>
					<label>$INFO[VideoPlayer.ChannelName]</label>
					<font>font16</font>
					<textcolor>$VAR[ThemeLabelColor]</textcolor>
				</control>
				<control type="label">
					<width>auto</width>
					<height>55</height>
					<label>[B]$INFO[VideoPlayer.Title][/B]</label>
					<font>font48</font>
					<scroll>true</scroll>
					<visible>String.IsEmpty(Window(fullscreeninfo).Property(LiveTVNext))</visible>
				</control>
				<control type="grouplist">
					<width>1805</width>
					<height>55</height>
					<itemgap>50</itemgap>
					<orientation>horizontal</orientation>
					<visible>!String.IsEmpty(Window(fullscreeninfo).Property(LiveTVNext))</visible>
					<control type="label">
						<width>auto</width>
						<height>55</height>
						<label>[B][COLOR $VAR[ThemeLabelColor]]$LOCALIZE[19031]:[/COLOR] $INFO[VideoPlayer.NextTitle][/B]</label>
						<font>font48</font>
						<scroll>true</scroll>
					</control>
					<control type="label">
						<width>auto</width>
						<height>65</height>
						<label>[COLOR $VAR[ThemeLabelColor]]$LOCALIZE[180]:[/COLOR] $INFO[VideoPlayer.NextDuration]</label>
						<font>font15</font>
						<scroll>true</scroll>
					</control>
				</control>
				<control type="label">
					<width>auto</width>
					<height>35</height>
					<label>[B]($INFO[VideoPlayer.PlotOutline])[/B]</label>
					<font>font14</font>
					<scroll>true</scroll>
					<visible>String.IsEmpty(Window(fullscreeninfo).Property(LiveTVFullPlot)) + !String.IsEmpty(VideoPlayer.PlotOutline) + String.IsEmpty(Window(fullscreeninfo).Property(LiveTVNext))</visible>
				</control>
				<control type="label">
					<width>auto</width>
					<height>35</height>
					<label>[B]($INFO[VideoPlayer.NextPlotOutline])[/B]</label>
					<font>font14</font>
					<scroll>true</scroll>
					<visible>String.IsEmpty(Window(fullscreeninfo).Property(LiveTVFullPlot)) + !String.IsEmpty(VideoPlayer.NextPlotOutline) + !String.IsEmpty(Window(fullscreeninfo).Property(LiveTVNext))</visible>
				</control>
				<control type="image">
					<width>1809</width>
					<height>2</height>
					<texture>new_pvr/osd_line_white.png</texture>
					<colordiffuse>$VAR[ThemeLabelColor]</colordiffuse>
				</control>
				<control type="label">
					<width>1000</width>
					<height>30</height>
					<label>$INFO[VideoPlayer.Genre,$LOCALIZE[515]: ]</label>
					<font>font13</font>
					<textcolor>grey</textcolor>
					<visible>String.IsEmpty(Window(fullscreeninfo).Property(LiveTVNext))</visible>
				</control>
				<control type="label">
					<width>1000</width>
					<height>30</height>
					<label>$INFO[VideoPlayer.NextGenre,$LOCALIZE[515]: ]</label>
					<font>font13</font>
					<textcolor>grey</textcolor>
					<visible>!String.IsEmpty(Window(fullscreeninfo).Property(LiveTVNext))</visible>
				</control>
				<control type="group">
					<visible>String.IsEmpty(Window(fullscreeninfo).Property(LiveTVNext))</visible>
					<control type="textbox">
						<width>1805</width>
						<height>174</height>
						<label>$INFO[VideoPlayer.PlotOutline]</label>
						<font>font15_textbox</font>
						<autoscroll delay="6000" time="3000" repeat="6000">true</autoscroll>
						<visible>!String.IsEmpty(Window(fullscreeninfo).Property(LiveTVFullPlot)) + !String.IsEmpty(VideoPlayer.PlotOutline)</visible>
					</control>
					<control type="textbox">
						<width>1805</width>
						<height>774</height>
						<label>$INFO[VideoPlayer.Plot]</label>
						<font>font15_textbox</font>
						<autoscroll delay="6000" time="3000" repeat="6000">true</autoscroll>
						<visible>String.IsEmpty(Window(fullscreeninfo).Property(LiveTVFullPlot))</visible>
					</control>
					<control type="textbox">
						<width>1805</width>
						<height>50</height>
						<label>$INFO[VideoPlayer.Plot]</label>
						<font>font15_textbox</font>
						<autoscroll delay="6000" time="3000" repeat="6000">true</autoscroll>
						<visible>String.IsEmpty(VideoPlayer.PlotOutline) + !String.IsEmpty(Window(fullscreeninfo).Property(LiveTVFullPlot))</visible>
					</control>
				</control>
				<control type="group">
					<visible>!String.IsEmpty(Window(fullscreeninfo).Property(LiveTVNext))</visible>
					<control type="textbox">
						<width>1805</width>
						<height>174</height>
						<label>$INFO[VideoPlayer.NextPlotOutline]</label>
						<font>font15_textbox</font>
						<autoscroll delay="6000" time="3000" repeat="6000">true</autoscroll>
						<visible>!String.IsEmpty(Window(fullscreeninfo).Property(LiveTVFullPlot)) + !String.IsEmpty(VideoPlayer.PlotOutline)</visible>
					</control>
					<control type="textbox">
						<width>1805</width>
						<height>774</height>
						<label>$INFO[VideoPlayer.NextPlot]</label>
						<font>font15_textbox</font>
						<autoscroll delay="6000" time="3000" repeat="6000">true</autoscroll>
						<visible>String.IsEmpty(Window(fullscreeninfo).Property(LiveTVFullPlot))</visible>
					</control>
					<control type="textbox">
						<width>1805</width>
						<height>50</height>
						<label>$INFO[VideoPlayer.NextPlot]</label>
						<font>font15_textbox</font>
						<autoscroll delay="6000" time="3000" repeat="6000">true</autoscroll>
						<visible>String.IsEmpty(VideoPlayer.PlotOutline) + !String.IsEmpty(Window(fullscreeninfo).Property(LiveTVFullPlot))</visible>
					</control>
				</control>
			</control>
		</control>
	</controls>
</window>