<?xml version="1.0" encoding="UTF-8"?>
<includes>
	<include name="CommonBackground">
		<control type="group">
			<animation effect="fade" time="600">WindowOpen</animation>
			<animation effect="fade" time="600">WindowClose</animation>
			<include condition="Window.IsActive(Home)">HomeFanart</include>
			<include condition="Window.IsActive(Home)">LiveCasesBackground</include>
			<include condition="Window.IsActive(Home)">skinshortcuts-template-widget.1.backgroundFanart</include>
			<include condition="Window.IsActive(Home)">skinshortcuts-template-widget.2.backgroundFanart</include>
			<include condition="!Window.IsActive(Home)">GlobalFanart</include>
			<include condition="Window.IsActive(videos) + !String.IsEmpty(Skin.String(VideoGenreFanartPath))">VideoGenreFanart</include>
			<include condition="Window.IsActive(music) + !String.IsEmpty(Skin.String(MusicGenreFanartPath))">MusicGenreFanart</include>
			<include condition="Window.IsActive(script-NextAired-TVGuide.xml) | Window.IsActive(script-NextAired-TVGuide2.xml)">TVShowNextAiredBackground</include>
			<include condition="Window.IsActive(script-globalsearch-main.xml)">GlobalSearchBG</include>
			<include condition="Window.IsActive(service-LibreELEC-Settings-mainWindow.xml)">LibreELECBG</include>
			<control type="visualisation">
				<include>FullscreenDimensions</include>
				<visible>Player.HasAudio</visible>
				<visible>!Skin.HasSetting(Disable.ShowBackgroundVis)</visible>
				<visible>!Window.IsVisible(TVChannels) + !Window.IsVisible(RadioChannels) + !SlideShow.IsActive</visible>
				<visible>String.IsEmpty(Window(Videos).Property(PlayingBackgroundMedia))</visible>
			</control>
			<include condition="Skin.HasSetting(MakeItSnow) + !Window.IsActive(skinsettings)">SnowBackground</include>
		</control>
		<control type="group">
			<include>FullscreenDimensions</include>
			<control type="image">
				<texture background="true">special://skin/backgrounds/default_settings.jpg</texture>
				<visible>Window.IsVisible(settings)</visible>
			</control>
			<control type="group">
					<visible>[Player.HasVideo + !Skin.HasSetting(Disable.ShowBackgroundVideo) + !Window.IsVisible(TVChannels) + !Window.IsVisible(RadioChannels) + !SlideShow.IsActive]</visible>
				<control type="image">
					<texture>black.png</texture>
				</control>
				<control type="videowindow"/>
			</control>
			<control type="image">
				<texture>black.png</texture>
				<visible>Control.IsVisible(502) | Control.IsVisible(503) | Control.IsVisible(504) | Control.IsVisible(505) | Control.IsVisible(508) | Control.IsVisible(609) | [Control.IsVisible(507) + Skin.HasSetting(alternatebiglistlayout)] | [Control.IsVisible(51) + Skin.HasSetting(Enable.AlternateInfowall)] | [Player.HasVideo + !Skin.HasSetting(Disable.ShowBackgroundVideo) + Control.IsVisible(509)] | Control.IsVisible(506) | Window.IsVisible(settings)</visible>
				<animation effect="fade" start="100" end="53" time="240" condition="true">Conditional</animation>
			</control>
		</control>
		<control type="group">
			<visible>Control.IsVisible(50) | Control.IsVisible(602) | Control.IsVisible(55) | Control.IsVisible(500) | Control.IsVisible(499) | [Control.IsVisible(51) + !Skin.HasSetting(Enable.AlternateInfowall)] | Control.IsVisible(58) | Control.IsVisible(601) | Control.IsVisible(52) | Control.IsVisible(53) | [Control.IsVisible(507) + !Skin.HasSetting(alternatebiglistlayout)] | Control.IsVisible(54) | Window.IsVisible(settings)</visible>
			<control type="image">
				<width>696</width>
				<height>1080</height>
				<texture border="1">vignette.png</texture>
			</control>
			<control type="image">
				<left>696r</left>
				<width>696</width>
				<height>1080</height>
				<texture flipx="true" border="1">vignette.png</texture>
			</control>
		</control>
		<control type="group">
			<include>WindowOpenCloseAnimation</include>
			<visible>[Control.IsVisible(50) + ![!String.IsEmpty(Window(Home).Property(Music.WasFullscreen)) + Skin.HasSetting(launchmusicfullscreen) + !Window.IsActive(visualisation)]] | [Control.IsVisible(51) + !Skin.HasSetting(Enable.AlternateInfowall)] | Control.IsVisible(52) | Control.IsVisible(53) | Control.IsVisible(54) | Control.IsVisible(55) | Control.IsVisible(56) | Control.IsVisible(57) | Control.IsVisible(58) | Control.IsVisible(499) | Control.IsVisible(500) | Control.IsVisible(601) | Control.IsVisible(602) | Control.IsVisible(509) | [Control.IsVisible(507) + !Skin.HasSetting(alternatebiglistlayout)] | Window.IsActive(script-NextAired-TVGuide.xml) | Window.IsActive(script-NextAired-TVGuide2.xml) | Window.IsActive(SettingsCategory.xml) | Window.IsActive(systeminfo) | Window.IsActive(script-globalsearch-main.xml) | Window.IsActive(weather) | [Control.IsVisible(506) + Container.Content(movies) + String.IsEmpty(Skin.String(506.movies.ViewFloorStatus))] | [Control.IsVisible(506) + Container.Content(tvshows) + String.IsEmpty(Skin.String(506.tvshows.ViewFloorStatus))] | [Control.IsVisible(506) + Container.Content(seasons) + String.IsEmpty(Skin.String(506.seasons.ViewFloorStatus))] | [Control.IsVisible(506) + Container.Content(episodes) + String.IsEmpty(Skin.String(506.episodes.ViewFloorStatus))] | Window.IsActive(script-globalsearch-main.xml) | Window.IsActive(skinsettings) | Window.IsActive(filemanager) | [Window.IsActive(addoninformation) + Control.IsVisible(503)] | Window.IsActive(profiles)</visible>
			<include>ViewAnimation</include>
			<animation effect="slide" start="0,0" end="0,50" time="720" tween="cubic" easing="inout" condition="![[Control.IsVisible(52) + !Window.IsActive(systeminfo)] | Control.IsVisible(53) | Control.IsVisible(54) | Control.IsVisible(56) | Control.IsVisible(500) | Control.IsVisible(57)] | Window.IsActive(1140)">Conditional</animation>
			<animation effect="slide" start="0,0" end="0,90" time="720" tween="cubic" easing="inout" condition="Control.IsVisible(506)">Conditional</animation>
			<animation effect="slide" start="0,0" end="0,150" time="720" tween="cubic" easing="inout" condition="Window.IsVisible(script-skinshortcuts.xml)">Conditional</animation>
			<animation effect="slide" end="0,70" time="0" reversible="false" condition="Control.IsVisible(53) + Container.Content(genres)">Conditional</animation>
			<control type="image">
				<top>400</top>
				<width>100%</width>
				<height>680</height>
				<texture colordiffuse="$VAR[ThemeLabelColor]">floor.png</texture>
			</control>
		</control>
		<control type="group">
			<include>WindowOpenCloseAnimation</include>
			<control type="image">
				<include>FullscreenDimensions</include>
				<texture border="1">logo_back.png</texture>
				<visible>Control.IsVisible(59) | Control.IsVisible(591)</visible>
			</control>
		</control>
	</include>
	<include name="VideoGenreFanart">
		<control type="image" id="4980">
			<description>Normal Default Background Image</description>
			<include>FullscreenDimensions</include>
			<include>AnimatedBackgroundAnimation</include>
			<aspectratio>scale</aspectratio>
			<fadetime>FanartCrossfadeTime</fadetime>
			<texture background="true" fallback="special://skin/backgrounds/fallback_movies.jpg">$INFO[Skin.String(VideoGenreFanartPath)]$INFO[ListItem.Label,,.jpg]</texture>
			<visible>Container.Content(genres)</visible>
		</control>
	</include>
	<include name="MusicGenreFanart">
		<control type="image">
			<description>Normal Default Background Image</description>
			<include>FullscreenDimensions</include>
			<include>AnimatedBackgroundAnimation</include>
			<aspectratio>scale</aspectratio>
			<fadetime>FanartCrossfadeTime</fadetime>
			<texture background="true" fallback="special://skin/backgrounds/fallback_music.jpg">$INFO[Skin.String(MusicGenreFanartPath)]$INFO[ListItem.Label,,.jpg]</texture>
			<visible>Container.Content(genres)</visible>
		</control>
	</include>
	<include name="GlobalFanart">
		<control type="list" id="9033">
			<include>HiddenList</include>
			<content>
				<include condition="Window.IsActive(weather)">WeatherFallback</include>
				<include condition="Window.IsActive(profiles)">ProfilesFallback</include>
				<include condition="Window.IsActive(pictures)">PicturesFallback</include>
				<include condition="Window.IsActive(music) | Window.IsActive(musicplaylist)">MusicFallback</include>
				<include condition="Window.IsActive(tvchannels) | Window.IsActive(tvguide) | Window.IsActive(tvrecordings) | Window.IsActive(tvsearch) | Window.IsActive(tvtimers)">LiveTVFallback</include>
				<include condition="Window.IsActive(programs) | Window.IsActive(1133)">AppsFallback</include>
				<include condition="Window.IsActive(SettingsCategory.xml) | Window.IsActive(systeminfo) | Window.IsActive(skinsettings) | Window.IsActive(settings) | Window.IsActive(addonbrowser) | Window.IsActive(filemanager) | Window.IsActive(eventlog)">SystemFallback</include>
				<include condition="Window.IsActive(videos) | Window.IsActive(videoplaylist)">VideoFallback</include>
				<item>
					<onclick>noop</onclick>
					<thumb>$INFO[Window(Home).Property(fakelabel)]</thumb>
					<visible>no</visible>
				</item>
			</content>
		</control>
		<control type="group">
			<visible>![Control.IsVisible(509) + Window.IsActive(videos)]</visible>
			<control type="multiimage">
				<include>AnimatedBackgroundAnimation</include>
				<description>Normal Default Background Image</description>
				<imagepath background="true">$VAR[GlobalBackgroundVar]</imagepath>
				<include condition="String.IsEqual(Skin.String(FanartTimePerImage),5)">FanartTimePerImage5</include>
				<include condition="String.IsEqual(Skin.String(FanartTimePerImage),6)">FanartTimePerImage6</include>
				<include condition="String.IsEmpty(Skin.String(FanartTimePerImage))">FanartTimePerImage7</include>
				<include condition="String.IsEqual(Skin.String(FanartTimePerImage),8)">FanartTimePerImage8</include>
				<include condition="String.IsEqual(Skin.String(FanartTimePerImage),9)">FanartTimePerImage9</include>
				<include condition="String.IsEqual(Skin.String(FanartTimePerImage),10)">FanartTimePerImage10</include>
				<include condition="String.IsEqual(Skin.String(FanartTimePerImage),15)">FanartTimePerImage15</include>
				<include condition="String.IsEqual(Skin.String(FanartTimePerImage),20)">FanartTimePerImage20</include>
				<include condition="String.IsEqual(Skin.String(FanartTimePerImage),30)">FanartTimePerImage30</include>
				<include condition="String.IsEqual(Skin.String(FanartTimePerImage),60)">FanartTimePerImage60</include>
				<include condition="String.IsEqual(Skin.String(FanartTimePerImage),90)">FanartTimePerImage90</include>
			</control>
			<!-- Live Background Movie Set -->
			<include condition="Skin.HasSetting(Enable.Set.LiveBackground)">LiveBackgroundSets</include>
		</control>
		<!-- MyFlix Background -->
		<control type="group">
			<visible>Control.IsVisible(509) + !Window.IsActive(skinsettings)</visible>
			<control type="image">
				<include>FullscreenDimensions</include>
				<texture>black.png</texture>
			</control>
			<control type="multiimage">
				<description>MyFlix Background Image</description>
				<left>450</left>
				<width>1536</width>
				<height>864</height>
				<imagepath background="true" diffuse="views/myflix/fanart_diffuse.png">$VAR[GlobalBackgroundVar]</imagepath>
				<include condition="String.IsEqual(Skin.String(FanartTimePerImage),5)">FanartTimePerImage5</include>
				<include condition="String.IsEqual(Skin.String(FanartTimePerImage),6)">FanartTimePerImage6</include>
				<include condition="String.IsEmpty(Skin.String(FanartTimePerImage))">FanartTimePerImage7</include>
				<include condition="String.IsEqual(Skin.String(FanartTimePerImage),8)">FanartTimePerImage8</include>
				<include condition="String.IsEqual(Skin.String(FanartTimePerImage),9)">FanartTimePerImage9</include>
				<include condition="String.IsEqual(Skin.String(FanartTimePerImage),10)">FanartTimePerImage10</include>
				<include condition="String.IsEqual(Skin.String(FanartTimePerImage),15)">FanartTimePerImage15</include>
				<include condition="String.IsEqual(Skin.String(FanartTimePerImage),20)">FanartTimePerImage20</include>
				<include condition="String.IsEqual(Skin.String(FanartTimePerImage),30)">FanartTimePerImage30</include>
				<include condition="String.IsEqual(Skin.String(FanartTimePerImage),60)">FanartTimePerImage60</include>
				<include condition="String.IsEqual(Skin.String(FanartTimePerImage),90)">FanartTimePerImage90</include>
			</control>
		</control>
	</include>
	<include name="HomeFanart">
		<control type="image">
			<include>FullscreenDimensions</include>
			<texture>black.png</texture>
		</control>
		<control type="group">
			<include>FullscreenDimensions</include>
			<include>AnimatedBackgroundAnimation</include>
			<control type="multiimage">
				<description>Normal Default Background Image</description>
				<include>VisibleFadeAnimation</include>
				<imagepath background="true">$VAR[HomeBackgroundVar]</imagepath>
				<include condition="String.IsEqual(Skin.String(FanartTimePerImage),5)">FanartTimePerImage5</include>
				<include condition="String.IsEqual(Skin.String(FanartTimePerImage),6)">FanartTimePerImage6</include>
				<include condition="String.IsEmpty(Skin.String(FanartTimePerImage))">FanartTimePerImage7</include>
				<include condition="String.IsEqual(Skin.String(FanartTimePerImage),8)">FanartTimePerImage8</include>
				<include condition="String.IsEqual(Skin.String(FanartTimePerImage),9)">FanartTimePerImage9</include>
				<include condition="String.IsEqual(Skin.String(FanartTimePerImage),10)">FanartTimePerImage10</include>
				<include condition="String.IsEqual(Skin.String(FanartTimePerImage),15)">FanartTimePerImage15</include>
				<include condition="String.IsEqual(Skin.String(FanartTimePerImage),20)">FanartTimePerImage20</include>
				<include condition="String.IsEqual(Skin.String(FanartTimePerImage),30)">FanartTimePerImage30</include>
				<include condition="String.IsEqual(Skin.String(FanartTimePerImage),60)">FanartTimePerImage60</include>
				<include condition="String.IsEqual(Skin.String(FanartTimePerImage),90)">FanartTimePerImage90</include>
				<visible>[!Player.HasAudio + Skin.HasSetting(Enable.ArtistSlideshowOnHome)] | [!Skin.HasSetting(Enable.ArtistSlideshowOnHome)]</visible>
			</control>
			<control type="multiimage">
				<include>VisibleFadeAnimation</include>
				<imagepath background="true">$VAR[ArtistSlideshowOnHomeBackgroundVar]</imagepath>
				<include condition="String.IsEqual(Skin.String(FanartTimePerImage),5)">FanartTimePerImage5</include>
				<include condition="String.IsEqual(Skin.String(FanartTimePerImage),6)">FanartTimePerImage6</include>
				<include condition="String.IsEmpty(Skin.String(FanartTimePerImage))">FanartTimePerImage7</include>
				<include condition="String.IsEqual(Skin.String(FanartTimePerImage),8)">FanartTimePerImage8</include>
				<include condition="String.IsEqual(Skin.String(FanartTimePerImage),9)">FanartTimePerImage9</include>
				<include condition="String.IsEqual(Skin.String(FanartTimePerImage),10)">FanartTimePerImage10</include>
				<include condition="String.IsEqual(Skin.String(FanartTimePerImage),15)">FanartTimePerImage15</include>
				<include condition="String.IsEqual(Skin.String(FanartTimePerImage),20)">FanartTimePerImage20</include>
				<include condition="String.IsEqual(Skin.String(FanartTimePerImage),30)">FanartTimePerImage30</include>
				<include condition="String.IsEqual(Skin.String(FanartTimePerImage),60)">FanartTimePerImage60</include>
				<include condition="String.IsEqual(Skin.String(FanartTimePerImage),90)">FanartTimePerImage90</include>
				<visible>Player.HasAudio + Skin.HasSetting(Enable.ArtistSlideshowOnHome) + String.IsEmpty(Window(Home).Property(script.cinemavision.running))</visible>
			</control>
		</control>
	</include>
	<include name="WidgetHomeFanart">
		<control type="group">
			<visible>$PARAM[Visible] + !Skin.HasSetting(Disable.WidgetFanart) + ![Container($PARAM[id]).OnNext | Container($PARAM[id]).OnPrevious]</visible>
			<include>FullscreenDimensions</include>
			<include>AnimatedBackgroundAnimation</include>
			<include>VisibleFadeAnimation</include>
			<control type="multiimage">
				<imagepath background="true">$PARAM[imagePath]</imagepath>
				<visible>!$PARAM[isWeather]</visible>
			</control>
			<control type="group">
				<visible>$PARAM[isWeather]</visible>
				<control type="multiimage">
					<imagepath background="true">$PARAM[imagePath]</imagepath>
					<visible>!Skin.HasSetting(weatherfanart.multi)</visible>
				</control>
				<control type="multiimage">
					<imagepath background="true">$PARAM[imagePathMulti]</imagepath>
					<visible>Skin.HasSetting(weatherfanart.multi)</visible>
				</control>
			</control>
		</control>
	</include>
	<include name="TVShowNextAiredBackground">
		<control type="image">
			<include>AnimatedBackgroundAnimation</include>
			<texture background="true" fallback="special://skin/backgrounds/fallback_movies.jpg">$INFO[Skin.String(CustomDefaultBackground.path)]</texture>
			<aspectratio>scale</aspectratio>
			<fadetime>600</fadetime>
			<visible>Control.HasFocus(9000) | Control.HasFocus(61) | Control.HasFocus(8)</visible>
			<animation effect="fade" time="600">Visible</animation>
			<animation effect="fade" time="600">Hidden</animation>
			<animation effect="fade" time="200">WindowClose</animation>
		</control>
		<control type="group">
			<visible>!String.IsEmpty(Window(Home).Property(TVGuide.BackgroundFanart))</visible>
			<include content="TVGuideFanart">
				<param name="FanartImageControlID">200</param>
			</include>
			<include content="TVGuideFanart">
				<param name="FanartImageControlID">201</param>
			</include>
			<include content="TVGuideFanart">
				<param name="FanartImageControlID">202</param>
			</include>
			<include content="TVGuideFanart">
				<param name="FanartImageControlID">203</param>
			</include>
			<include content="TVGuideFanart">
				<param name="FanartImageControlID">204</param>
			</include>
			<include content="TVGuideFanart">
				<param name="FanartImageControlID">205</param>
			</include>
			<include content="TVGuideFanart">
				<param name="FanartImageControlID">206</param>
			</include>
			<include content="TVGuideFanart">
				<param name="FanartImageControlID">207</param>
			</include>
			<include content="TVGuideFanart">
				<param name="FanartImageControlID">208</param>
			</include>
			<include content="TVGuideFanart">
				<param name="FanartImageControlID">209</param>
			</include>
			<include content="TVGuideFanart">
				<param name="FanartImageControlID">210</param>
			</include>
			<include content="TVGuideFanart">
				<param name="FanartImageControlID">211</param>
			</include>
			<include content="TVGuideFanart">
				<param name="FanartImageControlID">212</param>
			</include>
			<include content="TVGuideFanart">
				<param name="FanartImageControlID">213</param>
			</include>
			<include content="TVGuideFanart">
				<param name="FanartImageControlID">214</param>
			</include>
			<include content="TVGuideFanart">
				<param name="FanartImageControlID">215</param>
			</include>
		</control>
	</include>
	<include name="SnowBackground">
		<!-- <control type="image">
			<include>FullscreenDimensions</include>
			<texture background="true">snow.gif</texture>
		</control> -->
		<control type="group">
			<visible>Skin.HasSetting(MakeItSnow)</visible>
			<control type="group">
				<left>100</left>
				<control type="image">
					<left>60</left>
					<width>35</width>
					<height>35</height>
					<texture>snow/snow3.png</texture>
					<aspectratio scalediffuse="false">keep</aspectratio>
					<animation effect="slide" start="0,-50" end="0,1180" time="19000" delay="0" reversible="false" loop="true" condition="true">Conditional</animation>
					<animation effect="rotate" end="-360" time="12000" loop="true" center="auto" condition="true">Conditional</animation>
					<animation effect="rotatey" end="-360" time="8000" loop="true" center="auto" condition="true">Conditional</animation>
				</control>
				<control type="image">
					<left>260</left>
					<width>35</width>
					<height>35</height>
					<texture>snow/snow5.png</texture>
					<aspectratio scalediffuse="false">keep</aspectratio>
					<animation effect="slide" start="0,-600" end="0,1180" time="28000" delay="0" reversible="false" loop="true" condition="true">Conditional</animation>
					<animation effect="rotate" end="-360" time="12000" loop="true" center="auto" condition="true">Conditional</animation>
					<animation effect="rotatey" end="-360" time="14000" loop="true" center="auto" condition="true">Conditional</animation>
				</control>
				<control type="image">
					<left>380</left>
					<width>35</width>
					<height>35</height>
					<texture>snow/snow2.png</texture>
					<aspectratio scalediffuse="false">keep</aspectratio>
					<animation effect="slide" start="0,-960" end="0,1180" time="34000" delay="0" reversible="false" loop="true" condition="true">Conditional</animation>
					<animation effect="rotate" end="-360" time="10000" loop="true" center="auto" condition="true">Conditional</animation>
					<animation effect="rotatey" end="-360" time="17000" loop="true" center="auto" condition="true">Conditional</animation>
				</control>
				<control type="image">
					<left>622</left>
					<width>35</width>
					<height>35</height>
					<texture>snow/snow4.png</texture>
					<aspectratio scalediffuse="false">keep</aspectratio>
					<animation effect="slide" start="0,-100" end="0,1180" time="20000" delay="0" reversible="false" loop="true" condition="true">Conditional</animation>
					<animation effect="rotate" end="-360" time="8000" loop="true" center="auto" condition="true">Conditional</animation>
					<animation effect="rotatey" end="-360" time="10000" loop="true" center="auto" condition="true">Conditional</animation>
				</control>
				<control type="image">
					<left>960</left>
					<width>35</width>
					<height>35</height>
					<texture>snow/snow2.png</texture>
					<aspectratio scalediffuse="false">keep</aspectratio>
					<animation effect="slide" start="0,-500" end="0,1180" time="24000" delay="0" reversible="false" loop="true" condition="true">Conditional</animation>
					<animation effect="rotate" end="-360" time="12000" loop="true" center="auto" condition="true">Conditional</animation>
					<animation effect="rotatey" end="-360" time="12000" loop="true" center="auto" condition="true">Conditional</animation>
				</control>
				<control type="image">
					<left>1200</left>
					<width>35</width>
					<height>35</height>
					<texture>snow/snow3.png</texture>
					<aspectratio scalediffuse="false">keep</aspectratio>
					<animation effect="slide" start="0,-260" end="0,1180" time="18000" delay="0" reversible="false" loop="true" condition="true">Conditional</animation>
					<animation effect="rotate" end="-360" time="12000" loop="true" center="auto" condition="true">Conditional</animation>
					<animation effect="rotatey" end="-360" time="9000" loop="true" center="auto" condition="true">Conditional</animation>
				</control>
				<control type="image">
					<left>1426</left>
					<width>35</width>
					<height>35</height>
					<texture>snow/snow5.png</texture>
					<aspectratio scalediffuse="false">keep</aspectratio>
					<animation effect="slide" start="0,-850" end="0,1180" time="24000" delay="0" reversible="false" loop="true" condition="true">Conditional</animation>
					<animation effect="rotate" end="-360" time="12000" loop="true" center="auto" condition="true">Conditional</animation>
					<animation effect="rotatey" end="-360" time="12000" loop="true" center="auto" condition="true">Conditional</animation>
				</control>
				<control type="image">
					<left>1587</left>
					<width>35</width>
					<height>35</height>
					<texture>snow/snow4.png</texture>
					<aspectratio scalediffuse="false">keep</aspectratio>
					<animation effect="slide" start="0,-1080" end="0,1180" time="35000" delay="0" reversible="false" loop="true" condition="true">Conditional</animation>
					<animation effect="rotate" end="-360" time="12000" loop="true" center="auto" condition="true">Conditional</animation>
					<animation effect="rotatey" end="-360" time="17500" loop="true" center="auto" condition="true">Conditional</animation>
				</control>
			</control>
			<control type="group">
				<control type="image">
					<left>60</left>
					<width>35</width>
					<height>35</height>
					<texture>snow/snow.png</texture>
					<aspectratio scalediffuse="false">keep</aspectratio>
					<animation effect="slide" start="0,-450" end="0,1180" time="24000" delay="0" reversible="false" loop="true" condition="true">Conditional</animation>
					<animation effect="rotate" end="-360" time="12000" loop="true" center="auto" condition="true">Conditional</animation>
					<animation effect="rotatey" end="-360" time="12000" loop="true" center="auto" condition="true">Conditional</animation>
				</control>
				<control type="image">
					<left>260</left>
					<width>35</width>
					<height>35</height>
					<texture>snow/snow.png</texture>
					<aspectratio scalediffuse="false">keep</aspectratio>
					<animation effect="slide" start="0,-200" end="0,1180" time="18000" delay="0" reversible="false" loop="true" condition="true">Conditional</animation>
					<animation effect="rotate" end="-360" time="12000" loop="true" center="auto" condition="true">Conditional</animation>
					<animation effect="rotatey" end="-360" time="9000" loop="true" center="auto" condition="true">Conditional</animation>
				</control>
				<control type="image">
					<left>380</left>
					<width>35</width>
					<height>35</height>
					<texture>snow/snow.png</texture>
					<aspectratio scalediffuse="false">keep</aspectratio>
					<animation effect="slide" start="0,-500" end="0,1180" time="25000" delay="0" reversible="false" loop="true" condition="true">Conditional</animation>
					<animation effect="rotate" end="-360" time="10000" loop="true" center="auto" condition="true">Conditional</animation>
					<animation effect="rotatey" end="-360" time="13500" loop="true" center="auto" condition="true">Conditional</animation>
				</control>
				<control type="image">
					<left>622</left>
					<width>35</width>
					<height>35</height>
					<texture>snow/snow.png</texture>
					<aspectratio scalediffuse="false">keep</aspectratio>
					<animation effect="slide" start="0,-800" end="0,1180" time="32000" delay="0" reversible="false" loop="true" condition="true">Conditional</animation>
					<animation effect="rotate" end="-360" time="8000" loop="true" center="auto" condition="true">Conditional</animation>
					<animation effect="rotatey" end="-360" time="16000" loop="true" center="auto" condition="true">Conditional</animation>
				</control>
				<control type="image">
					<left>960</left>
					<width>35</width>
					<height>35</height>
					<texture>snow/snow.png</texture>
					<aspectratio scalediffuse="false">keep</aspectratio>
					<animation effect="slide" start="0,-50" end="0,1180" time="18000" delay="0" reversible="false" loop="true" condition="true">Conditional</animation>
					<animation effect="rotate" end="-360" time="12000" loop="true" center="auto" condition="true">Conditional</animation>
					<animation effect="rotatey" end="-360" time="9000" loop="true" center="auto" condition="true">Conditional</animation>
				</control>
				<control type="image">
					<left>1200</left>
					<width>35</width>
					<height>35</height>
					<texture>snow/snow.png</texture>
					<aspectratio scalediffuse="false">keep</aspectratio>
					<animation effect="slide" start="0,-960" end="0,1180" time="30000" delay="0" reversible="false" loop="true" condition="true">Conditional</animation>
					<animation effect="rotate" end="-360" time="12000" loop="true" center="auto" condition="true">Conditional</animation>
					<animation effect="rotatey" end="-360" time="15000" loop="true" center="auto" condition="true">Conditional</animation>
				</control>
				<control type="image">
					<left>1426</left>
					<width>35</width>
					<height>35</height>
					<texture>snow/snow.png</texture>
					<aspectratio scalediffuse="false">keep</aspectratio>
					<animation effect="slide" start="0,-160" end="0,1180" time="20000" delay="0" reversible="false" loop="true" condition="true">Conditional</animation>
					<animation effect="rotate" end="-360" time="12000" loop="true" center="auto" condition="true">Conditional</animation>
					<animation effect="rotatey" end="-360" time="10000" loop="true" center="auto" condition="true">Conditional</animation>
				</control>
				<control type="image">
					<left>1587</left>
					<width>35</width>
					<height>35</height>
					<texture>snow/snow.png</texture>
					<aspectratio scalediffuse="false">keep</aspectratio>
					<animation effect="slide" start="0,-300" end="0,1180" time="20000" delay="0" reversible="false" loop="true" condition="true">Conditional</animation>
					<animation effect="rotate" end="-360" time="12000" loop="true" center="auto" condition="true">Conditional</animation>
					<animation effect="rotatey" end="-360" time="10000" loop="true" center="auto" condition="true">Conditional</animation>
				</control>
			</control>
			<control type="group">
				<control type="image">
					<left>520</left>
					<width>55</width>
					<height>55</height>
					<texture>snow/snow3.png</texture>
					<aspectratio scalediffuse="false">keep</aspectratio>
					<animation effect="slide" start="0,-200" end="0,1180" time="22000" delay="0" reversible="false" loop="true" condition="true">Conditional</animation>
					<animation effect="rotate" end="-360" time="12000" loop="true" center="auto" condition="true">Conditional</animation>
					<animation effect="rotatey" end="-360" time="11000" loop="true" center="auto" condition="true">Conditional</animation>
				</control>
				<control type="image">
					<left>730</left>
					<width>55</width>
					<height>55</height>
					<texture>snow/snow5.png</texture>
					<aspectratio scalediffuse="false">keep</aspectratio>
					<animation effect="slide" start="0,-300" end="0,1180" time="25000" delay="0" reversible="false" loop="true" condition="true">Conditional</animation>
					<animation effect="rotate" end="-360" time="12000" loop="true" center="auto" condition="true">Conditional</animation>
					<animation effect="rotatey" end="-360" time="12500" loop="true" center="auto" condition="true">Conditional</animation>
				</control>
				<control type="image">
					<left>980</left>
					<width>55</width>
					<height>55</height>
					<texture>snow/snow2.png</texture>
					<aspectratio scalediffuse="false">keep</aspectratio>
					<animation effect="slide" start="0,-560" end="0,1180" time="30000" delay="0" reversible="false" loop="true" condition="true">Conditional</animation>
					<animation effect="rotate" end="-360" time="10000" loop="true" center="auto" condition="true">Conditional</animation>
					<animation effect="rotatey" end="-360" time="15000" loop="true" center="auto" condition="true">Conditional</animation>
				</control>
				<control type="image">
					<left>1100</left>
					<width>55</width>
					<height>55</height>
					<texture>snow/snow4.png</texture>
					<aspectratio scalediffuse="false">keep</aspectratio>
					<animation effect="slide" start="0,-700" end="0,1180" time="24000" delay="0" reversible="false" loop="true" condition="true">Conditional</animation>
					<animation effect="rotate" end="-360" time="8000" loop="true" center="auto" condition="true">Conditional</animation>
					<animation effect="rotatey" end="-360" time="12000" loop="true" center="auto" condition="true">Conditional</animation>
				</control>
				<control type="image">
					<left>1375</left>
					<width>55</width>
					<height>55</height>
					<texture>snow/snow2.png</texture>
					<aspectratio scalediffuse="false">keep</aspectratio>
					<animation effect="slide" start="0,-1000" end="0,1180" time="35000" delay="0" reversible="false" loop="true" condition="true">Conditional</animation>
					<animation effect="rotate" end="-360" time="12000" loop="true" center="auto" condition="true">Conditional</animation>
					<animation effect="rotatey" end="-360" time="17500" loop="true" center="auto" condition="true">Conditional</animation>
				</control>
				<control type="image">
					<left>1615</left>
					<width>55</width>
					<height>55</height>
					<texture>snow/snow3.png</texture>
					<aspectratio scalediffuse="false">keep</aspectratio>
					<animation effect="slide" start="0,-460" end="0,1180" time="23000" delay="0" reversible="false" loop="true" condition="true">Conditional</animation>
					<animation effect="rotate" end="-360" time="12000" loop="true" center="auto" condition="true">Conditional</animation>
					<animation effect="rotatey" end="-360" time="11500" loop="true" center="auto" condition="true">Conditional</animation>
				</control>
				<control type="image">
					<left>1826</left>
					<width>55</width>
					<height>55</height>
					<texture>snow/snow5.png</texture>
					<aspectratio scalediffuse="false">keep</aspectratio>
					<animation effect="slide" start="0,-450" end="0,1180" time="24000" delay="0" reversible="false" loop="true" condition="true">Conditional</animation>
					<animation effect="rotate" end="-360" time="12000" loop="true" center="auto" condition="true">Conditional</animation>
					<animation effect="rotatey" end="-360" time="12000" loop="true" center="auto" condition="true">Conditional</animation>
				</control>
			</control>
		</control>
	</include>
	<include name="WeatherFallback">
		<item>
			<onclick>noop</onclick>
			<thumb>$INFO[Skin.String(weatherfanart.path)]$INFO[Window(Weather).Property(Current.FanartCode)]$VAR[WeatherBackgroundTypeVar]</thumb>
		</item>
	</include>
	<include name="MusicFallback">
		<item>
			<onclick>noop</onclick>
			<thumb>$INFO[Skin.String(Music.Fallback)]</thumb>
		</item>
	</include>
	<include name="SystemFallback">
		<item>
			<onclick>noop</onclick>
			<thumb>$INFO[Skin.String(System.Fallback)]</thumb>
		</item>
	</include>
	<include name="ProfilesFallback">
		<item>
			<onclick>noop</onclick>
			<thumb>$VAR[LoginProfileBackgroundVar]</thumb>
		</item>
	</include>
	<include name="LiveTVFallback">
		<item>
			<onclick>noop</onclick>
			<thumb>$INFO[Skin.String(LiveTV.Fallback)]</thumb>
		</item>
	</include>
	<include name="PicturesFallback">
		<item>
			<onclick>noop</onclick>
			<thumb>$INFO[Skin.String(Pictures.Fallback)]</thumb>
		</item>
	</include>
	<include name="AppsFallback">
		<item>
			<onclick>noop</onclick>
			<thumb>$INFO[Skin.String(Apps.Fallback)]</thumb>
		</item>
	</include>
	<include name="VideoFallback">
		<item>
			<onclick>noop</onclick>
			<thumb>$INFO[Skin.String(Movies.Fallback)]</thumb>
			<visible>Container.Content(movies)</visible>
		</item>
		<item>
			<onclick>noop</onclick>
			<thumb>$INFO[Skin.String(TVShows.Fallback)]</thumb>
			<visible>Container.Content(tvshows) | Container.Content(seasons) | Container.Content(episodes)</visible>
		</item>
		<item>
			<onclick>noop</onclick>
			<thumb>$INFO[Skin.String(MusicVideos.Fallback)]</thumb>
			<visible>Container.Content(musicvideos)</visible>
		</item>
		<item>
			<onclick>noop</onclick>
			<thumb>$INFO[Skin.String(Videos.Fallback)]</thumb>
			<visible>![Container.Content(tvshows) | Container.Content(seasons) | Container.Content(episodes) | Container.Content(movies)]</visible>
		</item>
	</include>
	<include name="GlobalSearchBG">
		<control type="image">
			<include>AnimatedBackgroundAnimation</include>
			<texture background="true" fallback="special://skin/backgrounds/fallback_movies.jpg">$INFO[Skin.String(CustomDefaultBackground.path)]</texture>
			<aspectratio>scale</aspectratio>
			<fadetime>600</fadetime>
			<visible>Control.HasFocus(9000) | Control.HasFocus(60)</visible>
			<animation effect="fade" time="600">Visible</animation>
			<animation effect="fade" time="600">Hidden</animation>
			<animation effect="fade" time="200">WindowClose</animation>
		</control>
		<include content="GlobalSearchFanart">
			<param name="FanartImageControlID">111</param>
		</include>
		<include content="GlobalSearchFanart">
			<param name="FanartImageControlID">121</param>
		</include>
		<include content="GlobalSearchFanart">
			<param name="FanartImageControlID">131</param>
		</include>
		<include content="GlobalSearchFanart">
			<param name="FanartImageControlID">141</param>
		</include>
		<include content="GlobalSearchFanart">
			<param name="FanartImageControlID">151</param>
		</include>
		<include content="GlobalSearchFanart">
			<param name="FanartImageControlID">161</param>
		</include>
		<include content="GlobalSearchFanart">
			<param name="FanartImageControlID">171</param>
		</include>
		<include content="GlobalSearchFanart">
			<param name="FanartImageControlID">181</param>
		</include>
		<include content="GlobalSearchFanart">
			<param name="FanartImageControlID">211</param>
		</include>
		<include content="GlobalSearchFanart">
			<param name="FanartImageControlID">221</param>
		</include>
		<include content="GlobalSearchFanart">
			<param name="FanartImageControlID">231</param>
		</include>
	</include>
	<include name="LiveBackgroundSets">
		<control type="image">
			<include>FullscreenDimensions</include>
			<aspectratio align="center" aligny="top">scale</aspectratio>
			<texture background="true">$VAR[BoxsetModFanartVar]</texture>
			<visible>ListItem.IsCollection</visible>
			<fadetime>FanartCrossfadeTime</fadetime>
		</control>
		<control type="group">
			<visible>ListItem.IsCollection</visible>
			<animation effect="fade" time="600">WindowOpen</animation>
			<animation effect="fade" time="600">Visible</animation>
			<control type="group">
				<description>Case 10</description>
				<left>1170</left>
				<top>1030</top>
				<animation effect="zoom" start="180" end="180" center="auto" time="0" tween="linear" condition="true">Conditional</animation>
				<animation effect="rotate" center="auto" start="-65" end="-65" time="0" condition="true">Conditional</animation>
				<visible>!String.IsEmpty(Window(Home).Property(Set.movie.9.Art(poster)))</visible>
				<control type="image">
					<include>PosterDimAndPos</include>
					<texture background="true" diffuse="thumbs/movieposter_mask.png">$INFO[Window(Home).Property(Set.movie.9.Art(poster))]</texture>
				</control>
				<control type="image">
					<include>CaseDimAndPosSets</include>
					<texture background="true">$VAR[CaseTypePathVar]$INFO[Window(Home).Property(Set.movie.9.VideoResolution)]p.png</texture>
				</control>
			</control>
			<control type="group">
				<description>Case 9</description>
				<left>800</left>
				<animation effect="zoom" start="180" end="180" center="auto" time="0" tween="linear" condition="true">Conditional</animation>
				<animation effect="rotate" center="auto" start="65" end="65" time="0" condition="true">Conditional</animation>
				<visible>!String.IsEmpty(Window(Home).Property(Set.movie.8.Art(poster)))</visible>
				<control type="image">
					<include>PosterDimAndPos</include>
					<texture background="true" diffuse="thumbs/movieposter_mask.png">$INFO[Window(Home).Property(Set.movie.8.Art(poster))]</texture>
				</control>
				<control type="image">
					<include>CaseDimAndPosSets</include>
					<texture background="true">$VAR[CaseTypePathVar]$INFO[Window(Home).Property(Set.movie.8.VideoResolution)]p.png</texture>
				</control>
			</control>
			<control type="group">
				<description>Case 8</description>
				<left>500</left>
				<top>150</top>
				<animation effect="zoom" start="180" end="180" center="auto" time="0" tween="linear" condition="true">Conditional</animation>
				<animation effect="rotate" center="auto" start="10" end="10" time="0" condition="true">Conditional</animation>
				<visible>!String.IsEmpty(Window(Home).Property(Set.movie.5.Art(poster)))</visible>
				<control type="image">
					<include>PosterDimAndPos</include>
					<texture background="true" diffuse="thumbs/movieposter_mask.png">$INFO[Window(Home).Property(Set.movie.5.Art(poster))]</texture>
				</control>
				<control type="image">
					<include>CaseDimAndPosSets</include>
					<texture background="true">$VAR[CaseTypePathVar]$INFO[Window(Home).Property(Set.movie.5.VideoResolution)]p.png</texture>
				</control>
			</control>
			<control type="group">
				<description>Case 7</description>
				<left>1550</left>
				<top>300</top>
				<animation effect="zoom" start="180" end="180" center="auto" time="0" tween="linear" condition="true">Conditional</animation>
				<animation effect="rotate" center="auto" start="-20" end="-20" time="0" condition="true">Conditional</animation>
				<visible>!String.IsEmpty(Window(Home).Property(Set.movie.6.Art(poster)))</visible>
				<control type="image">
					<include>PosterDimAndPos</include>
					<texture background="true" diffuse="thumbs/movieposter_mask.png">$INFO[Window(Home).Property(Set.movie.6.Art(poster))]</texture>
				</control>
				<control type="image">
					<include>CaseDimAndPosSets</include>
					<texture background="true">$VAR[CaseTypePathVar]$INFO[Window(Home).Property(Set.movie.6.VideoResolution)]p.png</texture>
				</control>
			</control>
			<control type="group">
				<description>Case 6</description>
				<left>1000</left>
				<top>170</top>
				<animation effect="zoom" start="180" end="180" center="auto" time="0" tween="linear" condition="true">Conditional</animation>
				<animation effect="rotate" center="auto" start="25" end="25" time="0" condition="true">Conditional</animation>
				<visible>!String.IsEmpty(Window(Home).Property(Set.movie.4.Art(poster)))</visible>
				<control type="image">
					<include>PosterDimAndPos</include>
					<texture background="true" diffuse="thumbs/movieposter_mask.png">$INFO[Window(Home).Property(Set.movie.4.Art(poster))]</texture>
				</control>
				<control type="image">
					<include>CaseDimAndPosSets</include>
					<texture background="true">$VAR[CaseTypePathVar]$INFO[Window(Home).Property(Set.movie.4.VideoResolution)]p.png</texture>
				</control>
			</control>
			<control type="group">
				<description>Case 5</description>
				<left>1900</left>
				<top>-100</top>
				<animation effect="zoom" start="180" end="180" center="auto" time="0" tween="linear" condition="true">Conditional</animation>
				<animation effect="rotate" center="auto" start="75" end="75" time="0" condition="true">Conditional</animation>
				<visible>!String.IsEmpty(Window(Home).Property(Set.movie.7.Art(poster)))</visible>
				<control type="image">
					<include>PosterDimAndPos</include>
					<texture background="true" diffuse="thumbs/movieposter_mask.png">$INFO[Window(Home).Property(Set.movie.7.Art(poster))]</texture>
				</control>
				<control type="image">
					<include>CaseDimAndPosSets</include>
					<texture background="true">$VAR[CaseTypePathVar]$INFO[Window(Home).Property(Set.movie.7.VideoResolution)]p.png</texture>
				</control>
			</control>
			<control type="group">
				<description>Case 4</description>
				<left>1500</left>
				<top>800</top>
				<animation effect="zoom" start="180" end="180" center="auto" time="0" tween="linear" condition="true">Conditional</animation>
				<animation effect="rotate" center="auto" start="45" end="45" time="0" condition="true">Conditional</animation>
				<visible>!String.IsEmpty(Window(Home).Property(Set.movie.10.Art(poster)))</visible>
				<control type="image">
					<include>PosterDimAndPos</include>
					<texture background="true" diffuse="thumbs/movieposter_mask.png">$INFO[Window(Home).Property(Set.movie.10.Art(poster))]</texture>
				</control>
				<control type="image">
					<include>CaseDimAndPosSets</include>
					<texture background="true">$VAR[CaseTypePathVar]$INFO[Window(Home).Property(Set.movie.10.VideoResolution)]p.png</texture>
				</control>
			</control>
			<control type="group">
				<description>Case 3</description>
				<left>1450</left>
				<top>650</top>
				<animation effect="zoom" start="180" end="180" center="auto" time="0" tween="linear" condition="true">Conditional</animation>
				<animation effect="rotate" center="auto" start="-35" end="-35" time="0" condition="true">Conditional</animation>
				<visible>!String.IsEmpty(Window(Home).Property(Set.movie.3.Art(poster)))</visible>
				<control type="image">
					<include>PosterDimAndPos</include>
					<texture background="true" diffuse="thumbs/movieposter_mask.png">$INFO[Window(Home).Property(Set.movie.3.Art(poster))]</texture>
				</control>
				<control type="image">
					<include>CaseDimAndPosSets</include>
					<texture background="true">$VAR[CaseTypePathVar]$INFO[Window(Home).Property(Set.movie.3.VideoResolution)]p.png</texture>
				</control>
			</control>
			<control type="group">
				<description>Case 2</description>
				<left>1100</left>
				<top>400</top>
				<animation effect="zoom" start="180" end="180" center="auto" time="0" tween="linear" condition="true">Conditional</animation>
				<animation effect="rotate" center="auto" start="-10" end="-10" time="0" condition="true">Conditional</animation>
				<visible>!String.IsEmpty(Window(Home).Property(Set.movie.2.Art(poster)))</visible>
				<control type="image">
					<include>PosterDimAndPos</include>
					<texture background="true" diffuse="thumbs/movieposter_mask.png">$INFO[Window(Home).Property(Set.movie.2.Art(poster))]</texture>
				</control>
				<control type="image">
					<include>CaseDimAndPosSets</include>
					<texture background="true">$VAR[CaseTypePathVar]$INFO[Window(Home).Property(Set.movie.2.VideoResolution)]p.png</texture>
				</control>
			</control>
			<control type="group">
				<description>Case 1</description>
				<left>700</left>
				<top>400</top>
				<animation effect="zoom" start="180" end="180" center="auto" time="0" tween="linear" condition="true">Conditional</animation>
				<animation effect="rotate" center="auto" start="3" end="3" time="0" condition="true">Conditional</animation>
				<visible>!String.IsEmpty(Window(Home).Property(Set.movie.1.Art(poster)))</visible>
				<control type="image">
					<include>PosterDimAndPos</include>
					<texture background="true" diffuse="thumbs/movieposter_mask.png">$INFO[Window(Home).Property(Set.movie.1.Art(poster))]</texture>
				</control>
				<control type="image">
					<include>CaseDimAndPosSets</include>
					<texture background="true">$VAR[CaseTypePathVar]$INFO[Window(Home).Property(Set.movie.1.VideoResolution)]p.png</texture>
				</control>
			</control>
		</control>
	</include>
	<include name="LibreELECBG">
		<control type="image">
			<texture background="true">special://skin/backgrounds/le_bg.jpg</texture>
			<aspectratio>scale</aspectratio>
			<fadetime>600</fadetime>
			<animation effect="fade" time="600">Visible</animation>
			<animation effect="fade" time="600">Hidden</animation>
			<animation effect="fade" time="200">WindowClose</animation>
		</control>
	</include>
	<!-- Fanart Time Per Image -->
	<include name="FanartTimePerImage5">
		<timeperimage>5000</timeperimage>
	</include>
	<include name="FanartTimePerImage6">
		<timeperimage>6000</timeperimage>
	</include>
	<include name="FanartTimePerImage7">
		<timeperimage>7000</timeperimage>
	</include>
	<include name="FanartTimePerImage8">
		<timeperimage>8000</timeperimage>
	</include>
	<include name="FanartTimePerImage9">
		<timeperimage>9000</timeperimage>
	</include>
	<include name="FanartTimePerImage10">
		<timeperimage>10000</timeperimage>
	</include>
	<include name="FanartTimePerImage15">
		<timeperimage>15000</timeperimage>
	</include>
	<include name="FanartTimePerImage20">
		<timeperimage>20000</timeperimage>
	</include>
	<include name="FanartTimePerImage30">
		<timeperimage>30000</timeperimage>
	</include>
	<include name="FanartTimePerImage60">
		<timeperimage>60000</timeperimage>
	</include>
	<include name="FanartTimePerImage90">
		<timeperimage>90000</timeperimage>
	</include>
	<!-- Extrafanart Fadelabel Pause -->
	<include name="FadelabelPauseAtEnd5">
		<pauseatend>5000</pauseatend>
	</include>
	<include name="FadelabelPauseAtEnd6">
		<pauseatend>6000</pauseatend>
	</include>
	<include name="FadelabelPauseAtEnd7">
		<pauseatend>7000</pauseatend>
	</include>
	<include name="FadelabelPauseAtEnd8">
		<pauseatend>8000</pauseatend>
	</include>
	<include name="FadelabelPauseAtEnd9">
		<pauseatend>9000</pauseatend>
	</include>
	<include name="FadelabelPauseAtEnd10">
		<pauseatend>10000</pauseatend>
	</include>
	<include name="FadelabelPauseAtEnd15">
		<pauseatend>15000</pauseatend>
	</include>
	<include name="FadelabelPauseAtEnd20">
		<pauseatend>20000</pauseatend>
	</include>
	<include name="FadelabelPauseAtEnd30">
		<pauseatend>30000</pauseatend>
	</include>
	<include name="FadelabelPauseAtEnd60">
		<pauseatend>60000</pauseatend>
	</include>
	<include name="FadelabelPauseAtEnd90">
		<pauseatend>90000</pauseatend>
	</include>
</includes>